{
  "schema_version": "0.2.0",
  "dyad_id": "synthetic_lag12.0s_noise0.3_identical",
  "dynamic_features": {
    "behavior_value__neural_value": {
      "onset_latency": 5.0,
      "onset_amplitude": 0.2941631659360004,
      "build_up_rate": 0.15945832106618707,
      "build_up_slope": 0.0,
      "peak_amplitude": 0.7872876625180154,
      "peak_duration": 8.373948926714304,
      "breakdown_rate": 0.11745659493782491,
      "recovery_time": 18.0,
      "mean_synchrony": -0.04693796436310251,
      "synchrony_entropy": 2.2755280024721896
    }
  },
  "dynamic_features_segmented": {
    "PreTask": {
      "behavior_value__neural_value": {
        "onset_latency": 5.0,
        "onset_amplitude": 0.29416316593599895,
        "build_up_rate": 0.17642671518524017,
        "build_up_slope": 0.0,
        "peak_amplitude": 0.7697083171638015,
        "peak_duration": 7.528074748401252,
        "breakdown_rate": 0.10638249860323146,
        "recovery_time": 26.0,
        "mean_synchrony": -0.02730524170675665,
        "synchrony_entropy": 2.2712129129572687
      }
    },
    "Task": {
      "behavior_value__neural_value": {
        "onset_latency": 6.0,
        "onset_amplitude": 0.2998431589204838,
        "build_up_rate": 0.1299423045528073,
        "build_up_slope": 0.05973637860274823,
        "peak_amplitude": 0.7831015777899495,
        "peak_duration": 8.427002808331878,
        "breakdown_rate": 0.11738850186868278,
        "recovery_time": 18.0,
        "mean_synchrony": -0.09933341854265824,
        "synchrony_entropy": 2.25106606488838
      }
    }
  },
  "cascade_graph": {
    "nodes": [
      "behavior",
      "neural"
    ],
    "edges": [
      {
        "from": "behavior",
        "to": "neural",
        "lag_sec": 12.0,
        "ccf_value": 0.4850960773017936,
        "p_value": 0.047619047619047616,
        "is_significant": true,
        "polarity": "positive"
      }
    ]
  },
  "cascade_metrics": {
    "behavior": {
      "in_degree": 0,
      "out_degree": 1,
      "driver_score": 1,
      "is_hub": false,
      "is_follower": false
    },
    "neural": {
      "in_degree": 1,
      "out_degree": 0,
      "driver_score": -1,
      "is_hub": false,
      "is_follower": false
    }
  },
  "prediction": {},
  "cross_modal_prediction": {},
  "score_view": [
    {
      "start_sec": 0,
      "end_sec": 150,
      "label": "PreTask",
      "score": 0.0,
      "mean_sync": 0.0033188998499470187
    },
    {
      "start_sec": 150,
      "end_sec": 300,
      "label": "Task",
      "score": 0.0,
      "mean_sync": -0.09933341854266477
    }
  ],
  "diagnostics": [],
  "parameters": {
    "window_size": 10,
    "surrogate_n": 20,
    "max_lag_sec": 30.0,
    "alpha": 0.05,
    "seed": 42,
    "onset_threshold": 0.2,
    "prediction_window": 10,
    "prediction_horizon": 5,
    "prediction_gap": 5,
    "hz": 1.0
  }
}